narrative_id,bucket_start_unix,bucket_start_utc,volume_usd
n-super-intelligence,1790294400,2026-09-25T00:00:00Z,145506.628032
n-super-intelligence,1790298000,2026-09-25T01:00:00Z,238717.95866
n-super-intelligence,1790301600,2026-09-25T02:00:00Z,409094.680655
n-super-intelligence,1790305200,2026-09-25T03:00:00Z,239546.899571
n-super-intelligence,1790308800,2026-09-25T04:00:00Z,348423.130965
n-super-intelligence,1790312400,2026-09-25T05:00:00Z,185875.564978
n-super-intelligence,1790316000,2026-09-25T06:00:00Z,74245.0321649
n-super-intelligence,1790319600,2026-09-25T07:00:00Z,78439.1682996
n-super-intelligence,1790323200,2026-09-25T08:00:00Z,47696.4631397
n-super-intelligence,1790326800,2026-09-25T09:00:00Z,70709.5833699
n-super-intelligence,1790330400,2026-09-25T10:00:00Z,72353.0043899
n-super-intelligence,1790334000,2026-09-25T11:00:00Z,36485.3869118
n-super-intelligence,1790337600,2026-09-25T12:00:00Z,489313.739628
n-super-intelligence,1790341200,2026-09-25T13:00:00Z,420148.544785
n-super-intelligence,1790344800,2026-09-25T14:00:00Z,215092.488825
n-super-intelligence,1790348400,2026-09-25T15:00:00Z,248033.12929
n-super-intelligence,1790352000,2026-09-25T16:00:00Z,583004.897654
n-super-intelligence,1790355600,2026-09-25T17:00:00Z,1357549.63219
n-super-intelligence,1790359200,2026-09-25T18:00:00Z,340799.657237
n-super-intelligence,1790362800,2026-09-25T19:00:00Z,163649.219839
n-super-intelligence,1790366400,2026-09-25T20:00:00Z,3706331.15163
n-super-intelligence,1790370000,2026-09-25T21:00:00Z,1038995.02123
n-super-intelligence,1790373600,2026-09-25T22:00:00Z,409062.241543
n-super-intelligence,1790377200,2026-09-25T23:00:00Z,272759.842756
n-super-intelligence,1790380800,2026-09-26T00:00:00Z,418681.406703
n-super-intelligence,1790384400,2026-09-26T01:00:00Z,701418.701491
n-super-intelligence,1790388000,2026-09-26T02:00:00Z,466641.480316
n-super-intelligence,1790391600,2026-09-26T03:00:00Z,384763.424979
n-super-intelligence,1790395200,2026-09-26T04:00:00Z,303594.599176
n-super-intelligence,1790398800,2026-09-26T05:00:00Z,227870.776123
n-super-intelligence,1790402400,2026-09-26T06:00:00Z,175127.327678
n-super-intelligence,1790406000,2026-09-26T07:00:00Z,140964.883944
n-super-intelligence,1790409600,2026-09-26T08:00:00Z,270556.192569
n-super-intelligence,1790413200,2026-09-26T09:00:00Z,592952.899726
n-super-intelligence,1790416800,2026-09-26T10:00:00Z,740305.141425
n-super-intelligence,1790420400,2026-09-26T11:00:00Z,1187221.37334
n-super-intelligence,1790424000,2026-09-26T12:00:00Z,683715.189666
n-super-intelligence,1790427600,2026-09-26T13:00:00Z,625030.957755
n-super-intelligence,1790431200,2026-09-26T14:00:00Z,437321.550897
n-super-intelligence,1790434800,2026-09-26T15:00:00Z,326099.12978
n-super-intelligence,1790438400,2026-09-26T16:00:00Z,1240981.13714
n-super-intelligence,1790442000,2026-09-26T17:00:00Z,643198.519053
n-super-intelligence,1790445600,2026-09-26T18:00:00Z,378855.140314
n-super-intelligence,1790449200,2026-09-26T19:00:00Z,182366.529542
n-super-intelligence,1790452800,2026-09-26T20:00:00Z,344200.630649
n-super-intelligence,1790456400,2026-09-26T21:00:00Z,365490.023981
n-super-intelligence,1790460000,2026-09-26T22:00:00Z,183495.370359
n-super-intelligence,1790463600,2026-09-26T23:00:00Z,245908.209252
n-super-intelligence,1790467200,2026-09-27T00:00:00Z,185368.85007
n-super-intelligence,1790470800,2026-09-27T01:00:00Z,185046.684149
n-super-intelligence,1790474400,2026-09-27T02:00:00Z,134290.14102
n-super-intelligence,1790478000,2026-09-27T03:00:00Z,185153.601933
n-super-intelligence,1790481600,2026-09-27T04:00:00Z,71914.4799151
n-super-intelligence,1790485200,2026-09-27T05:00:00Z,94481.1997788
n-super-intelligence,1790488800,2026-09-27T06:00:00Z,103361.380605
n-super-intelligence,1790492400,2026-09-27T07:00:00Z,150575.273278
n-super-intelligence,1790496000,2026-09-27T08:00:00Z,187793.395117
n-super-intelligence,1790499600,2026-09-27T09:00:00Z,75131.6773403
n-super-intelligence,1790503200,2026-09-27T10:00:00Z,55122.2187983
n-super-intelligence,1790506800,2026-09-27T11:00:00Z,123300.359135
n-super-intelligence,1790510400,2026-09-27T12:00:00Z,92328.2082429
n-super-intelligence,1790514000,2026-09-27T13:00:00Z,152516.501134
n-super-intelligence,1790517600,2026-09-27T14:00:00Z,96620.3446435
n-super-intelligence,1790521200,2026-09-27T15:00:00Z,145347.157814
n-super-intelligence,1790524800,2026-09-27T16:00:00Z,229804.894757
n-super-intelligence,1790528400,2026-09-27T17:00:00Z,458663.401246
n-super-intelligence,1790532000,2026-09-27T18:00:00Z,151765.002325
n-super-intelligence,1790535600,2026-09-27T19:00:00Z,116975.428607
n-super-intelligence,1790539200,2026-09-27T20:00:00Z,150110.684009
n-super-intelligence,1790542800,2026-09-27T21:00:00Z,782288.190607
n-super-intelligence,1790546400,2026-09-27T22:00:00Z,265148.878292
n-super-intelligence,1790550000,2026-09-27T23:00:00Z,188861.146987
n-super-intelligence,1790553600,2026-09-28T00:00:00Z,241489.051182
n-super-intelligence,1790557200,2026-09-28T01:00:00Z,406332.149946
n-super-intelligence,1790560800,2026-09-28T02:00:00Z,83503.9822083
n-super-intelligence,1790564400,2026-09-28T03:00:00Z,127357.464491
n-super-intelligence,1790568000,2026-09-28T04:00:00Z,301469.905913
n-super-intelligence,1790571600,2026-09-28T05:00:00Z,245403.803619
n-super-intelligence,1790575200,2026-09-28T06:00:00Z,136147.208988
n-super-intelligence,1790578800,2026-09-28T07:00:00Z,187748.470001
n-super-intelligence,1790582400,2026-09-28T08:00:00Z,567168.388578
n-super-intelligence,1790586000,2026-09-28T09:00:00Z,639321.173274
n-super-intelligence,1790589600,2026-09-28T10:00:00Z,118101.849899
n-super-intelligence,1790593200,2026-09-28T11:00:00Z,120071.547718
n-super-intelligence,1790596800,2026-09-28T12:00:00Z,1097293.43947
n-super-intelligence,1790600400,2026-09-28T13:00:00Z,1117778.47229
n-super-intelligence,1790604000,2026-09-28T14:00:00Z,488718.032113
n-super-intelligence,1790607600,2026-09-28T15:00:00Z,301678.685627
n-super-intelligence,1790611200,2026-09-28T16:00:00Z,456957.799254
n-super-intelligence,1790614800,2026-09-28T17:00:00Z,835193.372807
n-super-intelligence,1790618400,2026-09-28T18:00:00Z,351525.263655
n-super-intelligence,1790622000,2026-09-28T19:00:00Z,464203.524242
n-super-intelligence,1790625600,2026-09-28T20:00:00Z,238704.271558
n-super-intelligence,1790629200,2026-09-28T21:00:00Z,206008.533539
n-super-intelligence,1790632800,2026-09-28T22:00:00Z,365964.718964
n-super-intelligence,1790636400,2026-09-28T23:00:00Z,395963.062112
n-super-intelligence,1790640000,2026-09-29T00:00:00Z,320717.649974
n-super-intelligence,1790643600,2026-09-29T01:00:00Z,256698.694205
n-super-intelligence,1790647200,2026-09-29T02:00:00Z,324240.070784
n-super-intelligence,1790650800,2026-09-29T03:00:00Z,130795.374664
n-super-intelligence,1790654400,2026-09-29T04:00:00Z,118645.864565
n-super-intelligence,1790658000,2026-09-29T05:00:00Z,143037.978032
n-super-intelligence,1790661600,2026-09-29T06:00:00Z,157367.806296
n-super-intelligence,1790665200,2026-09-29T07:00:00Z,77769.3517352
n-super-intelligence,1790668800,2026-09-29T08:00:00Z,91785.4134114
n-super-intelligence,1790672400,2026-09-29T09:00:00Z,148868.248247
n-super-intelligence,1790676000,2026-09-29T10:00:00Z,325518.147394
n-super-intelligence,1790679600,2026-09-29T11:00:00Z,155518.351799
n-super-intelligence,1790683200,2026-09-29T12:00:00Z,359253.778157
n-super-intelligence,1790686800,2026-09-29T13:00:00Z,1730020.86411
n-super-intelligence,1790690400,2026-09-29T14:00:00Z,7170880.3844
n-super-intelligence,1790694000,2026-09-29T15:00:00Z,1611279.28195
n-super-intelligence,1790697600,2026-09-29T16:00:00Z,639598.142066
n-super-intelligence,1790701200,2026-09-29T17:00:00Z,361416.730827
n-super-intelligence,1790704800,2026-09-29T18:00:00Z,3566283.06506
n-super-intelligence,1790708400,2026-09-29T19:00:00Z,7369038.06675
n-super-intelligence,1790712000,2026-09-29T20:00:00Z,15002762.8039
n-super-intelligence,1790715600,2026-09-29T21:00:00Z,11715405.3071
n-super-intelligence,1790719200,2026-09-29T22:00:00Z,7417886.258838
n-super-intelligence,1790722800,2026-09-29T23:00:00Z,8073896.32491
n-super-intelligence,1790726400,2026-09-30T00:00:00Z,3242005.347163
n-super-intelligence,1790730000,2026-09-30T01:00:00Z,1920637.931003
n-super-intelligence,1790733600,2026-09-30T02:00:00Z,2173548.08043
n-super-intelligence,1790737200,2026-09-30T03:00:00Z,1986288.7764394
n-super-intelligence,1790740800,2026-09-30T04:00:00Z,2645700.9411359997
n-super-intelligence,1790744400,2026-09-30T05:00:00Z,1044550.803904
n-super-intelligence,1790748000,2026-09-30T06:00:00Z,580157.0525818
n-super-intelligence,1790751600,2026-09-30T07:00:00Z,952503.6869429
n-super-intelligence,1790755200,2026-09-30T08:00:00Z,856873.6459458
n-super-intelligence,1790758800,2026-09-30T09:00:00Z,931905.269357
n-super-intelligence,1790762400,2026-09-30T10:00:00Z,1305779.241027
n-super-intelligence,1790766000,2026-09-30T11:00:00Z,3314656.122498
n-super-intelligence,1790769600,2026-09-30T12:00:00Z,3800792.0636170004
n-super-intelligence,1790773200,2026-09-30T13:00:00Z,4011648.261368
n-super-intelligence,1790776800,2026-09-30T14:00:00Z,5693199.104572999
n-super-intelligence,1790780400,2026-09-30T15:00:00Z,1962760.3882030002
n-super-intelligence,1790784000,2026-09-30T16:00:00Z,3894794.62993
n-super-intelligence,1790787600,2026-09-30T17:00:00Z,7018616.273399999
n-super-intelligence,1790791200,2026-09-30T18:00:00Z,8256617.88514
n-super-intelligence,1790794800,2026-09-30T19:00:00Z,3420157.2468600003
n-super-intelligence,1790798400,2026-09-30T20:00:00Z,3559897.500428
n-super-intelligence,1790802000,2026-09-30T21:00:00Z,2985685.768545
n-super-intelligence,1790805600,2026-09-30T22:00:00Z,2903298.545707
n-super-intelligence,1790809200,2026-09-30T23:00:00Z,2570027.318493
n-super-intelligence,1790812800,2026-10-01T00:00:00Z,2122009.083582
n-super-intelligence,1790816400,2026-10-01T01:00:00Z,1022223.5323670001
n-super-intelligence,1790820000,2026-10-01T02:00:00Z,1004057.508267
n-super-intelligence,1790823600,2026-10-01T03:00:00Z,831755.8937210001
n-super-intelligence,1790827200,2026-10-01T04:00:00Z,936992.8530840001
n-super-intelligence,1790830800,2026-10-01T05:00:00Z,2204945.44338
n-super-intelligence,1790834400,2026-10-01T06:00:00Z,1313415.561037
n-super-intelligence,1790838000,2026-10-01T07:00:00Z,2092769.500173
n-super-intelligence,1790841600,2026-10-01T08:00:00Z,2979111.451603
n-super-intelligence,1790845200,2026-10-01T09:00:00Z,2089962.2616350001
n-super-intelligence,1790848800,2026-10-01T10:00:00Z,2760860.268923
n-super-intelligence,1790852400,2026-10-01T11:00:00Z,1852301.285464
n-super-intelligence,1790856000,2026-10-01T12:00:00Z,2293572.967327
n-super-intelligence,1790859600,2026-10-01T13:00:00Z,1341642.582478
n-super-intelligence,1790863200,2026-10-01T14:00:00Z,1799078.971303
n-super-intelligence,1790866800,2026-10-01T15:00:00Z,2482078.8998020003
n-super-intelligence,1790870400,2026-10-01T16:00:00Z,2608092.352008
n-super-intelligence,1790874000,2026-10-01T17:00:00Z,1802903.1443268
n-super-intelligence,1790877600,2026-10-01T18:00:00Z,929025.4726901001
n-super-intelligence,1790881200,2026-10-01T19:00:00Z,965892.5631162
n-super-intelligence,1790884800,2026-10-01T20:00:00Z,1126782.1195884
n-super-intelligence,1790888400,2026-10-01T21:00:00Z,1763213.1915043
n-super-intelligence,1790892000,2026-10-01T22:00:00Z,1224631.1934064
n-super-intelligence,1790895600,2026-10-01T23:00:00Z,1138830.638752
n-x-money,1790294400,2026-09-25T00:00:00Z,81885.8192180234
n-x-money,1790298000,2026-09-25T01:00:00Z,128257.26260868022
n-x-money,1790301600,2026-09-25T02:00:00Z,87033.1271184152
n-x-money,1790305200,2026-09-25T03:00:00Z,40962.26376344
n-x-money,1790308800,2026-09-25T04:00:00Z,93973.079992773
n-x-money,1790312400,2026-09-25T05:00:00Z,56314.698527069
n-x-money,1790316000,2026-09-25T06:00:00Z,38884.491211700544
n-x-money,1790319600,2026-09-25T07:00:00Z,30056.144985937
n-x-money,1790323200,2026-09-25T08:00:00Z,28999.894537214
n-x-money,1790326800,2026-09-25T09:00:00Z,38116.549732896
n-x-money,1790330400,2026-09-25T10:00:00Z,79232.884932914
n-x-money,1790334000,2026-09-25T11:00:00Z,139743.4643326346
n-x-money,1790337600,2026-09-25T12:00:00Z,247576.2339721297
n-x-money,1790341200,2026-09-25T13:00:00Z,316455.213028267
n-x-money,1790344800,2026-09-25T14:00:00Z,110273.77139936
n-x-money,1790348400,2026-09-25T15:00:00Z,735933.313810593
n-x-money,1790352000,2026-09-25T16:00:00Z,492254.685095852
n-x-money,1790355600,2026-09-25T17:00:00Z,390522.439938527
n-x-money,1790359200,2026-09-25T18:00:00Z,169021.889607531
n-x-money,1790362800,2026-09-25T19:00:00Z,314026.86443362996
n-x-money,1790366400,2026-09-25T20:00:00Z,169633.16786906502
n-x-money,1790370000,2026-09-25T21:00:00Z,3281294.2617766066
n-x-money,1790373600,2026-09-25T22:00:00Z,2140941.831982624
n-x-money,1790377200,2026-09-25T23:00:00Z,2078560.196156448
n-x-money,1790380800,2026-09-26T00:00:00Z,7532077.7770475745
n-x-money,1790384400,2026-09-26T01:00:00Z,14061553.735253781
n-x-money,1790388000,2026-09-26T02:00:00Z,15469020.7778999
n-x-money,1790391600,2026-09-26T03:00:00Z,13102693.83581744
n-x-money,1790395200,2026-09-26T04:00:00Z,10672118.23458814
n-x-money,1790398800,2026-09-26T05:00:00Z,8474958.01668057
n-x-money,1790402400,2026-09-26T06:00:00Z,8923108.38927777
n-x-money,1790406000,2026-09-26T07:00:00Z,6193258.293368753
n-x-money,1790409600,2026-09-26T08:00:00Z,5814465.31126467
n-x-money,1790413200,2026-09-26T09:00:00Z,6856860.09369069
n-x-money,1790416800,2026-09-26T10:00:00Z,2448102.039418459
n-x-money,1790420400,2026-09-26T11:00:00Z,2025752.1604755288
n-x-money,1790424000,2026-09-26T12:00:00Z,8647530.930251716
n-x-money,1790427600,2026-09-26T13:00:00Z,4676513.866806046
n-x-money,1790431200,2026-09-26T14:00:00Z,8606005.049847687
n-x-money,1790434800,2026-09-26T15:00:00Z,3625192.818953585
n-x-money,1790438400,2026-09-26T16:00:00Z,2435554.922834451
n-x-money,1790442000,2026-09-26T17:00:00Z,1938755.150183601
n-x-money,1790445600,2026-09-26T18:00:00Z,1819068.8394427903
n-x-money,1790449200,2026-09-26T19:00:00Z,7900643.693968389
n-x-money,1790452800,2026-09-26T20:00:00Z,5776021.496505567
n-x-money,1790456400,2026-09-26T21:00:00Z,3705432.268613778
n-x-money,1790460000,2026-09-26T22:00:00Z,3233093.925448235
n-x-money,1790463600,2026-09-26T23:00:00Z,4608092.59031589
n-x-money,1790467200,2026-09-27T00:00:00Z,7577527.753418985
n-x-money,1790470800,2026-09-27T01:00:00Z,6019475.492508377
n-x-money,1790474400,2026-09-27T02:00:00Z,9370983.72050739
n-x-money,1790478000,2026-09-27T03:00:00Z,12895199.596123269
n-x-money,1790481600,2026-09-27T04:00:00Z,4051885.9244592
n-x-money,1790485200,2026-09-27T05:00:00Z,3309205.583275521
n-x-money,1790488800,2026-09-27T06:00:00Z,8128142.464996304
n-x-money,1790492400,2026-09-27T07:00:00Z,2641974.054544874
n-x-money,1790496000,2026-09-27T08:00:00Z,1504413.58865208
n-x-money,1790499600,2026-09-27T09:00:00Z,1018143.08381481
n-x-money,1790503200,2026-09-27T10:00:00Z,1421035.572354543
n-x-money,1790506800,2026-09-27T11:00:00Z,1626049.40928064
n-x-money,1790510400,2026-09-27T12:00:00Z,2429884.48479353
n-x-money,1790514000,2026-09-27T13:00:00Z,2799802.967084943
n-x-money,1790517600,2026-09-27T14:00:00Z,1750520.06845622
n-x-money,1790521200,2026-09-27T15:00:00Z,1949423.52033943
n-x-money,1790524800,2026-09-27T16:00:00Z,2830641.882201823
n-x-money,1790528400,2026-09-27T17:00:00Z,2110554.9081357
n-x-money,1790532000,2026-09-27T18:00:00Z,2174277.6916988823
n-x-money,1790535600,2026-09-27T19:00:00Z,2310937.795264357
n-x-money,1790539200,2026-09-27T20:00:00Z,1462038.164917551
n-x-money,1790542800,2026-09-27T21:00:00Z,1226427.4037918341
n-x-money,1790546400,2026-09-27T22:00:00Z,1143029.3742814863
n-x-money,1790550000,2026-09-27T23:00:00Z,1700191.6232588459
n-x-money,1790553600,2026-09-28T00:00:00Z,8617824.074221974
n-x-money,1790557200,2026-09-28T01:00:00Z,8396821.28500498
n-x-money,1790560800,2026-09-28T02:00:00Z,1597900.694685122
n-x-money,1790564400,2026-09-28T03:00:00Z,3532621.938964808
n-x-money,1790568000,2026-09-28T04:00:00Z,1858892.1980045
n-x-money,1790571600,2026-09-28T05:00:00Z,2276134.217445512
n-x-money,1790575200,2026-09-28T06:00:00Z,1406014.928548024
n-x-money,1790578800,2026-09-28T07:00:00Z,1466198.930541433
n-x-money,1790582400,2026-09-28T08:00:00Z,1038204.8841106449
n-x-money,1790586000,2026-09-28T09:00:00Z,1080709.793600723
n-x-money,1790589600,2026-09-28T10:00:00Z,875928.7892786469
n-x-money,1790593200,2026-09-28T11:00:00Z,521224.6909345979
n-x-money,1790596800,2026-09-28T12:00:00Z,866512.3128497789
n-x-money,1790600400,2026-09-28T13:00:00Z,821731.599288146
n-x-money,1790604000,2026-09-28T14:00:00Z,774704.0375314531
n-x-money,1790607600,2026-09-28T15:00:00Z,802500.02706422
n-x-money,1790611200,2026-09-28T16:00:00Z,1334596.837007146
n-x-money,1790614800,2026-09-28T17:00:00Z,1949741.8477163159
n-x-money,1790618400,2026-09-28T18:00:00Z,1126534.629942351
n-x-money,1790622000,2026-09-28T19:00:00Z,978839.860703197
n-x-money,1790625600,2026-09-28T20:00:00Z,873523.1591995971
n-x-money,1790629200,2026-09-28T21:00:00Z,1245307.366400837
n-x-money,1790632800,2026-09-28T22:00:00Z,1884629.3494886323
n-x-money,1790636400,2026-09-28T23:00:00Z,2038638.1768944107
n-x-money,1790640000,2026-09-29T00:00:00Z,3388851.22823549
n-x-money,1790643600,2026-09-29T01:00:00Z,1982837.7753026509
n-x-money,1790647200,2026-09-29T02:00:00Z,1204226.5549723231
n-x-money,1790650800,2026-09-29T03:00:00Z,1103307.952877348
n-x-money,1790654400,2026-09-29T04:00:00Z,635769.8412469757
n-x-money,1790658000,2026-09-29T05:00:00Z,568965.3647938527
n-x-money,1790661600,2026-09-29T06:00:00Z,843761.511688702
n-x-money,1790665200,2026-09-29T07:00:00Z,544172.676507207
n-x-money,1790668800,2026-09-29T08:00:00Z,355138.4629363812
n-x-money,1790672400,2026-09-29T09:00:00Z,337525.144421482
n-x-money,1790676000,2026-09-29T10:00:00Z,332480.292139824
n-x-money,1790679600,2026-09-29T11:00:00Z,389290.7711608704
n-x-money,1790683200,2026-09-29T12:00:00Z,646690.5105826325
n-x-money,1790686800,2026-09-29T13:00:00Z,659359.3467653269
n-x-money,1790690400,2026-09-29T14:00:00Z,614203.463614204
n-x-money,1790694000,2026-09-29T15:00:00Z,583711.1447569641
n-x-money,1790697600,2026-09-29T16:00:00Z,694972.550231185
n-x-money,1790701200,2026-09-29T17:00:00Z,924160.1621558439
n-x-money,1790704800,2026-09-29T18:00:00Z,1236964.2242788582
n-x-money,1790708400,2026-09-29T19:00:00Z,1203289.557198852
n-x-money,1790712000,2026-09-29T20:00:00Z,1295182.5724030607
n-x-money,1790715600,2026-09-29T21:00:00Z,952619.045055224
n-x-money,1790719200,2026-09-29T22:00:00Z,582013.7881354964
n-x-money,1790722800,2026-09-29T23:00:00Z,675171.413916224
n-x-money,1790726400,2026-09-30T00:00:00Z,390724.963287064
n-x-money,1790730000,2026-09-30T01:00:00Z,371638.7702571519
n-x-money,1790733600,2026-09-30T02:00:00Z,398544.1178800825
n-x-money,1790737200,2026-09-30T03:00:00Z,424589.05000628857
n-x-money,1790740800,2026-09-30T04:00:00Z,2771318.3084515035
n-x-money,1790744400,2026-09-30T05:00:00Z,1566548.9197369704
n-x-money,1790748000,2026-09-30T06:00:00Z,577145.578256852
n-x-money,1790751600,2026-09-30T07:00:00Z,590213.9326722317
n-x-money,1790755200,2026-09-30T08:00:00Z,204344.911825099
n-x-money,1790758800,2026-09-30T09:00:00Z,149006.6639061913
n-x-money,1790762400,2026-09-30T10:00:00Z,270712.1807810131
n-x-money,1790766000,2026-09-30T11:00:00Z,449625.8138934751
n-x-money,1790769600,2026-09-30T12:00:00Z,347070.0833761595
n-x-money,1790773200,2026-09-30T13:00:00Z,520571.0147828362
n-x-money,1790776800,2026-09-30T14:00:00Z,477612.73617160093
n-x-money,1790780400,2026-09-30T15:00:00Z,616257.9462333614
n-x-money,1790784000,2026-09-30T16:00:00Z,830590.2569379677
n-x-money,1790787600,2026-09-30T17:00:00Z,658029.182378091
n-x-money,1790791200,2026-09-30T18:00:00Z,774157.2573002259
n-x-money,1790794800,2026-09-30T19:00:00Z,635409.1732290123
n-x-money,1790798400,2026-09-30T20:00:00Z,783099.8867988561
n-x-money,1790802000,2026-09-30T21:00:00Z,993711.4001153498
n-x-money,1790805600,2026-09-30T22:00:00Z,527291.111302951
n-x-money,1790809200,2026-09-30T23:00:00Z,2422012.2344787223
n-x-money,1790812800,2026-10-01T00:00:00Z,926767.691556453
n-x-money,1790816400,2026-10-01T01:00:00Z,3218770.8129404653
n-x-money,1790820000,2026-10-01T02:00:00Z,1995060.3056632848
n-x-money,1790823600,2026-10-01T03:00:00Z,1092326.526433263
n-x-money,1790827200,2026-10-01T04:00:00Z,1417834.6164885857
n-x-money,1790830800,2026-10-01T05:00:00Z,709277.9461118992
n-x-money,1790834400,2026-10-01T06:00:00Z,518353.120065941
n-x-money,1790838000,2026-10-01T07:00:00Z,280886.26235718594
n-x-money,1790841600,2026-10-01T08:00:00Z,320432.0697985377
n-x-money,1790845200,2026-10-01T09:00:00Z,212551.6144214373
n-x-money,1790848800,2026-10-01T10:00:00Z,379007.3769405743
n-x-money,1790852400,2026-10-01T11:00:00Z,229398.872764264
n-x-money,1790856000,2026-10-01T12:00:00Z,328041.8854861926
n-x-money,1790859600,2026-10-01T13:00:00Z,393623.858705863
n-x-money,1790863200,2026-10-01T14:00:00Z,527225.0776560556
n-x-money,1790866800,2026-10-01T15:00:00Z,4009337.2315268987
n-x-money,1790870400,2026-10-01T16:00:00Z,1951608.2551768282
n-x-money,1790874000,2026-10-01T17:00:00Z,2564881.499180329
n-x-money,1790877600,2026-10-01T18:00:00Z,1067852.173404364
n-x-money,1790881200,2026-10-01T19:00:00Z,861202.8244669442
n-x-money,1790884800,2026-10-01T20:00:00Z,652644.133525865
n-x-money,1790888400,2026-10-01T21:00:00Z,466418.35729449056
n-x-money,1790892000,2026-10-01T22:00:00Z,913308.100570486
n-x-money,1790895600,2026-10-01T23:00:00Z,299972.742906585
n-launchpad-coins,1790294400,2026-09-25T00:00:00Z,1707531.8942441
n-launchpad-coins,1790298000,2026-09-25T01:00:00Z,875855.021511
n-launchpad-coins,1790301600,2026-09-25T02:00:00Z,652609.382779
n-launchpad-coins,1790305200,2026-09-25T03:00:00Z,618076.67348
n-launchpad-coins,1790308800,2026-09-25T04:00:00Z,418792.9068014
n-launchpad-coins,1790312400,2026-09-25T05:00:00Z,298028.29917250003
n-launchpad-coins,1790316000,2026-09-25T06:00:00Z,506896.3642646
n-launchpad-coins,1790319600,2026-09-25T07:00:00Z,454122.341915
n-launchpad-coins,1790323200,2026-09-25T08:00:00Z,443433.5965925
n-launchpad-coins,1790326800,2026-09-25T09:00:00Z,521788.26593799994
n-launchpad-coins,1790330400,2026-09-25T10:00:00Z,1290315.7170377001
n-launchpad-coins,1790334000,2026-09-25T11:00:00Z,1384102.3757500001
n-launchpad-coins,1790337600,2026-09-25T12:00:00Z,863882.054032
n-launchpad-coins,1790341200,2026-09-25T13:00:00Z,815405.896804
n-launchpad-coins,1790344800,2026-09-25T14:00:00Z,852630.062902
n-launchpad-coins,1790348400,2026-09-25T15:00:00Z,619823.911431
n-launchpad-coins,1790352000,2026-09-25T16:00:00Z,520652.419351
n-launchpad-coins,1790355600,2026-09-25T17:00:00Z,1120342.636138
n-launchpad-coins,1790359200,2026-09-25T18:00:00Z,595002.2861583
n-launchpad-coins,1790362800,2026-09-25T19:00:00Z,416028.70521020005
n-launchpad-coins,1790366400,2026-09-25T20:00:00Z,343150.89708819997
n-launchpad-coins,1790370000,2026-09-25T21:00:00Z,325022.83826845
n-launchpad-coins,1790373600,2026-09-25T22:00:00Z,352355.20648304
n-launchpad-coins,1790377200,2026-09-25T23:00:00Z,320331.93970544
n-launchpad-coins,1790380800,2026-09-26T00:00:00Z,550215.623617034
n-launchpad-coins,1790384400,2026-09-26T01:00:00Z,512711.50474027003
n-launchpad-coins,1790388000,2026-09-26T02:00:00Z,501698.297320057
n-launchpad-coins,1790391600,2026-09-26T03:00:00Z,336673.543623297
n-launchpad-coins,1790395200,2026-09-26T04:00:00Z,315667.632918499
n-launchpad-coins,1790398800,2026-09-26T05:00:00Z,296898.315224
n-launchpad-coins,1790402400,2026-09-26T06:00:00Z,131144.7911459
n-launchpad-coins,1790406000,2026-09-26T07:00:00Z,195484.79759909498
n-launchpad-coins,1790409600,2026-09-26T08:00:00Z,140220.703339891
n-launchpad-coins,1790413200,2026-09-26T09:00:00Z,164721.4774433
n-launchpad-coins,1790416800,2026-09-26T10:00:00Z,263238.5705128325
n-launchpad-coins,1790420400,2026-09-26T11:00:00Z,364559.0635823913
n-launchpad-coins,1790424000,2026-09-26T12:00:00Z,173680.5629255843
n-launchpad-coins,1790427600,2026-09-26T13:00:00Z,290997.3007591
n-launchpad-coins,1790431200,2026-09-26T14:00:00Z,627029.231087426
n-launchpad-coins,1790434800,2026-09-26T15:00:00Z,324093.729003278
n-launchpad-coins,1790438400,2026-09-26T16:00:00Z,314333.322672208
n-launchpad-coins,1790442000,2026-09-26T17:00:00Z,168091.187064682
n-launchpad-coins,1790445600,2026-09-26T18:00:00Z,95325.51805139
n-launchpad-coins,1790449200,2026-09-26T19:00:00Z,322221.6054962426
n-launchpad-coins,1790452800,2026-09-26T20:00:00Z,335580.46441423
n-launchpad-coins,1790456400,2026-09-26T21:00:00Z,1141662.6927830083
n-launchpad-coins,1790460000,2026-09-26T22:00:00Z,1591100.6174408002
n-launchpad-coins,1790463600,2026-09-26T23:00:00Z,694732.081275
n-launchpad-coins,1790467200,2026-09-27T00:00:00Z,358612.8219952
n-launchpad-coins,1790470800,2026-09-27T01:00:00Z,310947.168692
n-launchpad-coins,1790474400,2026-09-27T02:00:00Z,213958.2004709
n-launchpad-coins,1790478000,2026-09-27T03:00:00Z,161645.448010403
n-launchpad-coins,1790481600,2026-09-27T04:00:00Z,255843.41024842998
n-launchpad-coins,1790485200,2026-09-27T05:00:00Z,153469.36187124898
n-launchpad-coins,1790488800,2026-09-27T06:00:00Z,147869.2012631
n-launchpad-coins,1790492400,2026-09-27T07:00:00Z,317634.38061154
n-launchpad-coins,1790496000,2026-09-27T08:00:00Z,251074.447736002
n-launchpad-coins,1790499600,2026-09-27T09:00:00Z,261259.19152906898
n-launchpad-coins,1790503200,2026-09-27T10:00:00Z,502182.8377377433
n-launchpad-coins,1790506800,2026-09-27T11:00:00Z,353449.7620761
n-launchpad-coins,1790510400,2026-09-27T12:00:00Z,1531459.86128925
n-launchpad-coins,1790514000,2026-09-27T13:00:00Z,3595717.7349011544
n-launchpad-coins,1790517600,2026-09-27T14:00:00Z,3574358.2507874
n-launchpad-coins,1790521200,2026-09-27T15:00:00Z,972349.1178654
n-launchpad-coins,1790524800,2026-09-27T16:00:00Z,816466.8394668
n-launchpad-coins,1790528400,2026-09-27T17:00:00Z,893709.7111685299
n-launchpad-coins,1790532000,2026-09-27T18:00:00Z,460505.3411181
n-launchpad-coins,1790535600,2026-09-27T19:00:00Z,520042.4988087
n-launchpad-coins,1790539200,2026-09-27T20:00:00Z,536579.228905281
n-launchpad-coins,1790542800,2026-09-27T21:00:00Z,381110.117797199
n-launchpad-coins,1790546400,2026-09-27T22:00:00Z,260519.8870874855
n-launchpad-coins,1790550000,2026-09-27T23:00:00Z,227735.31978659
n-launchpad-coins,1790553600,2026-09-28T00:00:00Z,418397.791762288
n-launchpad-coins,1790557200,2026-09-28T01:00:00Z,473782.53326686
n-launchpad-coins,1790560800,2026-09-28T02:00:00Z,553740.755730123
n-launchpad-coins,1790564400,2026-09-28T03:00:00Z,627598.8499335471
n-launchpad-coins,1790568000,2026-09-28T04:00:00Z,324106.5550912
n-launchpad-coins,1790571600,2026-09-28T05:00:00Z,275473.04245643603
n-launchpad-coins,1790575200,2026-09-28T06:00:00Z,171631.18380854122
n-launchpad-coins,1790578800,2026-09-28T07:00:00Z,246735.89408714
n-launchpad-coins,1790582400,2026-09-28T08:00:00Z,303884.6325820307
n-launchpad-coins,1790586000,2026-09-28T09:00:00Z,596359.499023976
n-launchpad-coins,1790589600,2026-09-28T10:00:00Z,288816.6472559499
n-launchpad-coins,1790593200,2026-09-28T11:00:00Z,250229.97924385
n-launchpad-coins,1790596800,2026-09-28T12:00:00Z,349050.58924684
n-launchpad-coins,1790600400,2026-09-28T13:00:00Z,438397.9547376
n-launchpad-coins,1790604000,2026-09-28T14:00:00Z,290548.50227552
n-launchpad-coins,1790607600,2026-09-28T15:00:00Z,1527026.20112547
n-launchpad-coins,1790611200,2026-09-28T16:00:00Z,3195960.2035022
n-launchpad-coins,1790614800,2026-09-28T17:00:00Z,1672187.7703165582
n-launchpad-coins,1790618400,2026-09-28T18:00:00Z,1609508.405453527
n-launchpad-coins,1790622000,2026-09-28T19:00:00Z,1379235.7563882968
n-launchpad-coins,1790625600,2026-09-28T20:00:00Z,1123279.3700403795
n-launchpad-coins,1790629200,2026-09-28T21:00:00Z,1159796.77306594
n-launchpad-coins,1790632800,2026-09-28T22:00:00Z,1350919.5474873502
n-launchpad-coins,1790636400,2026-09-28T23:00:00Z,768853.079455881
n-launchpad-coins,1790640000,2026-09-29T00:00:00Z,312600.718352428
n-launchpad-coins,1790643600,2026-09-29T01:00:00Z,252379.034185115
n-launchpad-coins,1790647200,2026-09-29T02:00:00Z,372069.918261236
n-launchpad-coins,1790650800,2026-09-29T03:00:00Z,321728.43105433
n-launchpad-coins,1790654400,2026-09-29T04:00:00Z,944607.6532366901
n-launchpad-coins,1790658000,2026-09-29T05:00:00Z,2100197.2726259
n-launchpad-coins,1790661600,2026-09-29T06:00:00Z,657381.63569453
n-launchpad-coins,1790665200,2026-09-29T07:00:00Z,331824.35645842
n-launchpad-coins,1790668800,2026-09-29T08:00:00Z,357575.92981291
n-launchpad-coins,1790672400,2026-09-29T09:00:00Z,227180.76968436
n-launchpad-coins,1790676000,2026-09-29T10:00:00Z,396016.413797415
n-launchpad-coins,1790679600,2026-09-29T11:00:00Z,446424.470140182
n-launchpad-coins,1790683200,2026-09-29T12:00:00Z,246622.922125872
n-launchpad-coins,1790686800,2026-09-29T13:00:00Z,309293.13545646
n-launchpad-coins,1790690400,2026-09-29T14:00:00Z,477657.40577008
n-launchpad-coins,1790694000,2026-09-29T15:00:00Z,418238.54704466
n-launchpad-coins,1790697600,2026-09-29T16:00:00Z,296099.456434477
n-launchpad-coins,1790701200,2026-09-29T17:00:00Z,295712.623268422
n-launchpad-coins,1790704800,2026-09-29T18:00:00Z,314967.281251353
n-launchpad-coins,1790708400,2026-09-29T19:00:00Z,287033.724161164
n-launchpad-coins,1790712000,2026-09-29T20:00:00Z,454959.303932286
n-launchpad-coins,1790715600,2026-09-29T21:00:00Z,515078.160394192
n-launchpad-coins,1790719200,2026-09-29T22:00:00Z,306607.9230855897
n-launchpad-coins,1790722800,2026-09-29T23:00:00Z,261365.2406447801
n-launchpad-coins,1790726400,2026-09-30T00:00:00Z,185202.960816681
n-launchpad-coins,1790730000,2026-09-30T01:00:00Z,180875.847666071
n-launchpad-coins,1790733600,2026-09-30T02:00:00Z,285312.304136973
n-launchpad-coins,1790737200,2026-09-30T03:00:00Z,120903.27991406231
n-launchpad-coins,1790740800,2026-09-30T04:00:00Z,124073.518031859
n-launchpad-coins,1790744400,2026-09-30T05:00:00Z,75974.6923410048
n-launchpad-coins,1790748000,2026-09-30T06:00:00Z,84790.701585846
n-launchpad-coins,1790751600,2026-09-30T07:00:00Z,125115.18220359001
n-launchpad-coins,1790755200,2026-09-30T08:00:00Z,185145.777718501
n-launchpad-coins,1790758800,2026-09-30T09:00:00Z,135146.828272522
n-launchpad-coins,1790762400,2026-09-30T10:00:00Z,72382.692331875
n-launchpad-coins,1790766000,2026-09-30T11:00:00Z,123820.16212134699
n-launchpad-coins,1790769600,2026-09-30T12:00:00Z,157790.752130312
n-launchpad-coins,1790773200,2026-09-30T13:00:00Z,90296.1688516719
n-launchpad-coins,1790776800,2026-09-30T14:00:00Z,254295.044909288
n-launchpad-coins,1790780400,2026-09-30T15:00:00Z,162161.0275393652
n-launchpad-coins,1790784000,2026-09-30T16:00:00Z,106660.479262094
n-launchpad-coins,1790787600,2026-09-30T17:00:00Z,135835.722571878
n-launchpad-coins,1790791200,2026-09-30T18:00:00Z,183134.5212689232
n-launchpad-coins,1790794800,2026-09-30T19:00:00Z,105579.561819956
n-launchpad-coins,1790798400,2026-09-30T20:00:00Z,136504.209729043
n-launchpad-coins,1790802000,2026-09-30T21:00:00Z,173156.32784051332
n-launchpad-coins,1790805600,2026-09-30T22:00:00Z,191412.9190179386
n-launchpad-coins,1790809200,2026-09-30T23:00:00Z,298600.4899917989
n-launchpad-coins,1790812800,2026-10-01T00:00:00Z,257409.220427943
n-launchpad-coins,1790816400,2026-10-01T01:00:00Z,112964.8630830412
n-launchpad-coins,1790820000,2026-10-01T02:00:00Z,85953.358070944
n-launchpad-coins,1790823600,2026-10-01T03:00:00Z,96048.69761962179
n-launchpad-coins,1790827200,2026-10-01T04:00:00Z,163099.6500151244
n-launchpad-coins,1790830800,2026-10-01T05:00:00Z,566090.364861917
n-launchpad-coins,1790834400,2026-10-01T06:00:00Z,519492.6634992799
n-launchpad-coins,1790838000,2026-10-01T07:00:00Z,397168.9883919496
n-launchpad-coins,1790841600,2026-10-01T08:00:00Z,636112.5691212817
n-launchpad-coins,1790845200,2026-10-01T09:00:00Z,636695.973203452
n-launchpad-coins,1790848800,2026-10-01T10:00:00Z,325675.8086822704
n-launchpad-coins,1790852400,2026-10-01T11:00:00Z,228177.0143692493
n-launchpad-coins,1790856000,2026-10-01T12:00:00Z,233669.0890175644
n-launchpad-coins,1790859600,2026-10-01T13:00:00Z,139140.6704003593
n-launchpad-coins,1790863200,2026-10-01T14:00:00Z,154280.6826888192
n-launchpad-coins,1790866800,2026-10-01T15:00:00Z,229555.2847364228
n-launchpad-coins,1790870400,2026-10-01T16:00:00Z,229994.973689514
n-launchpad-coins,1790874000,2026-10-01T17:00:00Z,790531.0185555825
n-launchpad-coins,1790877600,2026-10-01T18:00:00Z,309017.189251558
n-launchpad-coins,1790881200,2026-10-01T19:00:00Z,294538.8177769716
n-launchpad-coins,1790884800,2026-10-01T20:00:00Z,139387.897019512
n-launchpad-coins,1790888400,2026-10-01T21:00:00Z,307622.882800656
n-launchpad-coins,1790892000,2026-10-01T22:00:00Z,159398.27387864623
n-launchpad-coins,1790895600,2026-10-01T23:00:00Z,85391.97297338619
n-pair-rewards,1790294400,2026-09-25T00:00:00Z,188763.0871791
n-pair-rewards,1790298000,2026-09-25T01:00:00Z,168821.84414230002
n-pair-rewards,1790301600,2026-09-25T02:00:00Z,86368.4609138
n-pair-rewards,1790305200,2026-09-25T03:00:00Z,114994.7716466
n-pair-rewards,1790308800,2026-09-25T04:00:00Z,259354.8060464
n-pair-rewards,1790312400,2026-09-25T05:00:00Z,120541.0482214
n-pair-rewards,1790316000,2026-09-25T06:00:00Z,221277.2062891
n-pair-rewards,1790319600,2026-09-25T07:00:00Z,122889.4380131
n-pair-rewards,1790323200,2026-09-25T08:00:00Z,186750.74690240002
n-pair-rewards,1790326800,2026-09-25T09:00:00Z,82532.2229514
n-pair-rewards,1790330400,2026-09-25T10:00:00Z,139145.4614655
n-pair-rewards,1790334000,2026-09-25T11:00:00Z,93938.2084191
n-pair-rewards,1790337600,2026-09-25T12:00:00Z,43889.891995800004
n-pair-rewards,1790341200,2026-09-25T13:00:00Z,89821.0873789
n-pair-rewards,1790344800,2026-09-25T14:00:00Z,174273.4516044
n-pair-rewards,1790348400,2026-09-25T15:00:00Z,153868.60505
n-pair-rewards,1790352000,2026-09-25T16:00:00Z,692344.729324
n-pair-rewards,1790355600,2026-09-25T17:00:00Z,1083379.337801
n-pair-rewards,1790359200,2026-09-25T18:00:00Z,756241.5580831
n-pair-rewards,1790362800,2026-09-25T19:00:00Z,576054.1760247999
n-pair-rewards,1790366400,2026-09-25T20:00:00Z,346374.14676120004
n-pair-rewards,1790370000,2026-09-25T21:00:00Z,188457.668541
n-pair-rewards,1790373600,2026-09-25T22:00:00Z,372640.1107801
n-pair-rewards,1790377200,2026-09-25T23:00:00Z,361549.75420840003
n-pair-rewards,1790380800,2026-09-26T00:00:00Z,267545.84013
n-pair-rewards,1790384400,2026-09-26T01:00:00Z,182547.9634369
n-pair-rewards,1790388000,2026-09-26T02:00:00Z,241230.34863949998
n-pair-rewards,1790391600,2026-09-26T03:00:00Z,410524.05605220003
n-pair-rewards,1790395200,2026-09-26T04:00:00Z,479750.88716519997
n-pair-rewards,1790398800,2026-09-26T05:00:00Z,473975.2321777
n-pair-rewards,1790402400,2026-09-26T06:00:00Z,388594.76274439995
n-pair-rewards,1790406000,2026-09-26T07:00:00Z,152922.5046141
n-pair-rewards,1790409600,2026-09-26T08:00:00Z,150712.0698366
n-pair-rewards,1790413200,2026-09-26T09:00:00Z,72471.3202415
n-pair-rewards,1790416800,2026-09-26T10:00:00Z,154465.2390393
n-pair-rewards,1790420400,2026-09-26T11:00:00Z,96881.7426811
n-pair-rewards,1790424000,2026-09-26T12:00:00Z,272340.3547782
n-pair-rewards,1790427600,2026-09-26T13:00:00Z,170638.1780079
n-pair-rewards,1790431200,2026-09-26T14:00:00Z,197270.6399347
n-pair-rewards,1790434800,2026-09-26T15:00:00Z,325177.55089869996
n-pair-rewards,1790438400,2026-09-26T16:00:00Z,412346.1166162
n-pair-rewards,1790442000,2026-09-26T17:00:00Z,801354.9187402
n-pair-rewards,1790445600,2026-09-26T18:00:00Z,197881.22487930002
n-pair-rewards,1790449200,2026-09-26T19:00:00Z,90848.0815384
n-pair-rewards,1790452800,2026-09-26T20:00:00Z,102920.71742229999
n-pair-rewards,1790456400,2026-09-26T21:00:00Z,392442.341496
n-pair-rewards,1790460000,2026-09-26T22:00:00Z,340617.7775087
n-pair-rewards,1790463600,2026-09-26T23:00:00Z,279218.5379368
n-pair-rewards,1790467200,2026-09-27T00:00:00Z,451345.41677239997
n-pair-rewards,1790470800,2026-09-27T01:00:00Z,218739.91878829998
n-pair-rewards,1790474400,2026-09-27T02:00:00Z,167408.4274106
n-pair-rewards,1790478000,2026-09-27T03:00:00Z,96537.47769461
n-pair-rewards,1790481600,2026-09-27T04:00:00Z,169532.569669
n-pair-rewards,1790485200,2026-09-27T05:00:00Z,123425.095076
n-pair-rewards,1790488800,2026-09-27T06:00:00Z,99436.03620959999
n-pair-rewards,1790492400,2026-09-27T07:00:00Z,233929.0330936
n-pair-rewards,1790496000,2026-09-27T08:00:00Z,76051.2853934
n-pair-rewards,1790499600,2026-09-27T09:00:00Z,225875.5447659
n-pair-rewards,1790503200,2026-09-27T10:00:00Z,222192.5283098
n-pair-rewards,1790506800,2026-09-27T11:00:00Z,112123.38974829999
n-pair-rewards,1790510400,2026-09-27T12:00:00Z,186109.97236130002
n-pair-rewards,1790514000,2026-09-27T13:00:00Z,183429.10955169998
n-pair-rewards,1790517600,2026-09-27T14:00:00Z,141188.7880967
n-pair-rewards,1790521200,2026-09-27T15:00:00Z,200988.91562709998
n-pair-rewards,1790524800,2026-09-27T16:00:00Z,128046.3638189
n-pair-rewards,1790528400,2026-09-27T17:00:00Z,155222.7351795
n-pair-rewards,1790532000,2026-09-27T18:00:00Z,109228.65758209999
n-pair-rewards,1790535600,2026-09-27T19:00:00Z,108313.26179019999
n-pair-rewards,1790539200,2026-09-27T20:00:00Z,62603.865130000006
n-pair-rewards,1790542800,2026-09-27T21:00:00Z,90838.6348999
n-pair-rewards,1790546400,2026-09-27T22:00:00Z,196856.18473
n-pair-rewards,1790550000,2026-09-27T23:00:00Z,169277.8203194
n-pair-rewards,1790553600,2026-09-28T00:00:00Z,146070.6602727
n-pair-rewards,1790557200,2026-09-28T01:00:00Z,117097.08474933001
n-pair-rewards,1790560800,2026-09-28T02:00:00Z,102631.618243
n-pair-rewards,1790564400,2026-09-28T03:00:00Z,64225.20955249
n-pair-rewards,1790568000,2026-09-28T04:00:00Z,69924.11698574
n-pair-rewards,1790571600,2026-09-28T05:00:00Z,57976.967596200004
n-pair-rewards,1790575200,2026-09-28T06:00:00Z,130152.94209899999
n-pair-rewards,1790578800,2026-09-28T07:00:00Z,51941.9985796
n-pair-rewards,1790582400,2026-09-28T08:00:00Z,256021.45754600002
n-pair-rewards,1790586000,2026-09-28T09:00:00Z,175965.8733494
n-pair-rewards,1790589600,2026-09-28T10:00:00Z,86474.55325520001
n-pair-rewards,1790593200,2026-09-28T11:00:00Z,123106.76104119999
n-pair-rewards,1790596800,2026-09-28T12:00:00Z,72327.8838862
n-pair-rewards,1790600400,2026-09-28T13:00:00Z,97476.38368
n-pair-rewards,1790604000,2026-09-28T14:00:00Z,101620.4664913
n-pair-rewards,1790607600,2026-09-28T15:00:00Z,82716.6136575
n-pair-rewards,1790611200,2026-09-28T16:00:00Z,195631.1016878
n-pair-rewards,1790614800,2026-09-28T17:00:00Z,105596.75860639999
n-pair-rewards,1790618400,2026-09-28T18:00:00Z,55176.027911100005
n-pair-rewards,1790622000,2026-09-28T19:00:00Z,210384.4441741
n-pair-rewards,1790625600,2026-09-28T20:00:00Z,213913.95290139999
n-pair-rewards,1790629200,2026-09-28T21:00:00Z,323197.79577212996
n-pair-rewards,1790632800,2026-09-28T22:00:00Z,223697.9337547
n-pair-rewards,1790636400,2026-09-28T23:00:00Z,171607.6505032
n-pair-rewards,1790640000,2026-09-29T00:00:00Z,111417.10293540999
n-pair-rewards,1790643600,2026-09-29T01:00:00Z,150159.678274
n-pair-rewards,1790647200,2026-09-29T02:00:00Z,259105.9395695
n-pair-rewards,1790650800,2026-09-29T03:00:00Z,195388.0667095
n-pair-rewards,1790654400,2026-09-29T04:00:00Z,131871.9395289
n-pair-rewards,1790658000,2026-09-29T05:00:00Z,92447.0252422
n-pair-rewards,1790661600,2026-09-29T06:00:00Z,39044.629749650005
n-pair-rewards,1790665200,2026-09-29T07:00:00Z,49736.637140650004
n-pair-rewards,1790668800,2026-09-29T08:00:00Z,52059.8378831
n-pair-rewards,1790672400,2026-09-29T09:00:00Z,13818.76360336
n-pair-rewards,1790676000,2026-09-29T10:00:00Z,71728.38462412
n-pair-rewards,1790679600,2026-09-29T11:00:00Z,56784.98506852
n-pair-rewards,1790683200,2026-09-29T12:00:00Z,171411.0567471
n-pair-rewards,1790686800,2026-09-29T13:00:00Z,158249.9785552
n-pair-rewards,1790690400,2026-09-29T14:00:00Z,146858.9134401
n-pair-rewards,1790694000,2026-09-29T15:00:00Z,247843.7437569
n-pair-rewards,1790697600,2026-09-29T16:00:00Z,146934.7220557
n-pair-rewards,1790701200,2026-09-29T17:00:00Z,45976.556561139994
n-pair-rewards,1790704800,2026-09-29T18:00:00Z,88501.9409233
n-pair-rewards,1790708400,2026-09-29T19:00:00Z,160930.8592591
n-pair-rewards,1790712000,2026-09-29T20:00:00Z,577779.095015
n-pair-rewards,1790715600,2026-09-29T21:00:00Z,616318.719672
n-pair-rewards,1790719200,2026-09-29T22:00:00Z,772324.7930428
n-pair-rewards,1790722800,2026-09-29T23:00:00Z,318955.92468510004
n-pair-rewards,1790726400,2026-09-30T00:00:00Z,166992.99468322
n-pair-rewards,1790730000,2026-09-30T01:00:00Z,276891.5062672
n-pair-rewards,1790733600,2026-09-30T02:00:00Z,293466.3817863
n-pair-rewards,1790737200,2026-09-30T03:00:00Z,310177.5894897
n-pair-rewards,1790740800,2026-09-30T04:00:00Z,93858.3707714
n-pair-rewards,1790744400,2026-09-30T05:00:00Z,99211.2606378
n-pair-rewards,1790748000,2026-09-30T06:00:00Z,142045.42926479998
n-pair-rewards,1790751600,2026-09-30T07:00:00Z,35607.5535915
n-pair-rewards,1790755200,2026-09-30T08:00:00Z,81456.0567962
n-pair-rewards,1790758800,2026-09-30T09:00:00Z,27987.9556627
n-pair-rewards,1790762400,2026-09-30T10:00:00Z,51037.3333668
n-pair-rewards,1790766000,2026-09-30T11:00:00Z,83967.4828853
n-pair-rewards,1790769600,2026-09-30T12:00:00Z,151833.604911
n-pair-rewards,1790773200,2026-09-30T13:00:00Z,154180.3087246
n-pair-rewards,1790776800,2026-09-30T14:00:00Z,277802.76682690997
n-pair-rewards,1790780400,2026-09-30T15:00:00Z,69113.90924827
n-pair-rewards,1790784000,2026-09-30T16:00:00Z,104157.3656791
n-pair-rewards,1790787600,2026-09-30T17:00:00Z,95263.93992870001
n-pair-rewards,1790791200,2026-09-30T18:00:00Z,93739.6075603
n-pair-rewards,1790794800,2026-09-30T19:00:00Z,70261.14416329999
n-pair-rewards,1790798400,2026-09-30T20:00:00Z,78631.692754
n-pair-rewards,1790802000,2026-09-30T21:00:00Z,135514.2843269
n-pair-rewards,1790805600,2026-09-30T22:00:00Z,220753.96486817
n-pair-rewards,1790809200,2026-09-30T23:00:00Z,57576.273226799996
n-pair-rewards,1790812800,2026-10-01T00:00:00Z,246834.8545899
n-pair-rewards,1790816400,2026-10-01T01:00:00Z,122405.23890289999
n-pair-rewards,1790820000,2026-10-01T02:00:00Z,137075.60232577
n-pair-rewards,1790823600,2026-10-01T03:00:00Z,234925.77788728
n-pair-rewards,1790827200,2026-10-01T04:00:00Z,238621.57807070002
n-pair-rewards,1790830800,2026-10-01T05:00:00Z,62366.2276617
n-pair-rewards,1790834400,2026-10-01T06:00:00Z,151843.7902453
n-pair-rewards,1790838000,2026-10-01T07:00:00Z,53512.84569746
n-pair-rewards,1790841600,2026-10-01T08:00:00Z,42250.634826199996
n-pair-rewards,1790845200,2026-10-01T09:00:00Z,129518.24919973
n-pair-rewards,1790848800,2026-10-01T10:00:00Z,123095.58102700001
n-pair-rewards,1790852400,2026-10-01T11:00:00Z,77502.39949139999
n-pair-rewards,1790856000,2026-10-01T12:00:00Z,66020.8154087
n-pair-rewards,1790859600,2026-10-01T13:00:00Z,412246.606132
n-pair-rewards,1790863200,2026-10-01T14:00:00Z,445866.33111679996
n-pair-rewards,1790866800,2026-10-01T15:00:00Z,643122.0657025
n-pair-rewards,1790870400,2026-10-01T16:00:00Z,275253.2037765
n-pair-rewards,1790874000,2026-10-01T17:00:00Z,217938.4952476
n-pair-rewards,1790877600,2026-10-01T18:00:00Z,117808.6246588
n-pair-rewards,1790881200,2026-10-01T19:00:00Z,126496.065323
n-pair-rewards,1790884800,2026-10-01T20:00:00Z,151495.27607659998
n-pair-rewards,1790888400,2026-10-01T21:00:00Z,113727.74439929999
n-pair-rewards,1790892000,2026-10-01T22:00:00Z,119198.34175179999
n-pair-rewards,1790895600,2026-10-01T23:00:00Z,194970.2952309
n-sapling,1790294400,2026-09-25T00:00:00Z,0.0
n-sapling,1790298000,2026-09-25T01:00:00Z,0.0
n-sapling,1790301600,2026-09-25T02:00:00Z,0.0
n-sapling,1790305200,2026-09-25T03:00:00Z,0.0
n-sapling,1790308800,2026-09-25T04:00:00Z,0.0
n-sapling,1790312400,2026-09-25T05:00:00Z,0.0
n-sapling,1790316000,2026-09-25T06:00:00Z,0.0
n-sapling,1790319600,2026-09-25T07:00:00Z,0.0
n-sapling,1790323200,2026-09-25T08:00:00Z,0.0
n-sapling,1790326800,2026-09-25T09:00:00Z,0.0
n-sapling,1790330400,2026-09-25T10:00:00Z,0.0
n-sapling,1790334000,2026-09-25T11:00:00Z,0.0
n-sapling,1790337600,2026-09-25T12:00:00Z,0.0
n-sapling,1790341200,2026-09-25T13:00:00Z,0.0
n-sapling,1790344800,2026-09-25T14:00:00Z,0.0
n-sapling,1790348400,2026-09-25T15:00:00Z,0.0
n-sapling,1790352000,2026-09-25T16:00:00Z,0.0
n-sapling,1790355600,2026-09-25T17:00:00Z,0.0
n-sapling,1790359200,2026-09-25T18:00:00Z,4952.33218137
n-sapling,1790362800,2026-09-25T19:00:00Z,29888.079804710997
n-sapling,1790366400,2026-09-25T20:00:00Z,2556.4851587178
n-sapling,1790370000,2026-09-25T21:00:00Z,556892.1312886
n-sapling,1790373600,2026-09-25T22:00:00Z,250390.0548866
n-sapling,1790377200,2026-09-25T23:00:00Z,67445.16731666
n-sapling,1790380800,2026-09-26T00:00:00Z,29701.198389737
n-sapling,1790384400,2026-09-26T01:00:00Z,8251.992217408
n-sapling,1790388000,2026-09-26T02:00:00Z,1871.9046216856
n-sapling,1790391600,2026-09-26T03:00:00Z,4115.1520617778
n-sapling,1790395200,2026-09-26T04:00:00Z,12248.238679467999
n-sapling,1790398800,2026-09-26T05:00:00Z,8965.492891703001
n-sapling,1790402400,2026-09-26T06:00:00Z,4168.270723257
n-sapling,1790406000,2026-09-26T07:00:00Z,2828.113745454
n-sapling,1790409600,2026-09-26T08:00:00Z,15198.033394434
n-sapling,1790413200,2026-09-26T09:00:00Z,4082.70241806
n-sapling,1790416800,2026-09-26T10:00:00Z,2253.989185796
n-sapling,1790420400,2026-09-26T11:00:00Z,4921.155801020001
n-sapling,1790424000,2026-09-26T12:00:00Z,9227.49099011
n-sapling,1790427600,2026-09-26T13:00:00Z,4427.5772581052
n-sapling,1790431200,2026-09-26T14:00:00Z,4145.423353419
n-sapling,1790434800,2026-09-26T15:00:00Z,5575.020196836
n-sapling,1790438400,2026-09-26T16:00:00Z,4696.93627469
n-sapling,1790442000,2026-09-26T17:00:00Z,9575.6131280291
n-sapling,1790445600,2026-09-26T18:00:00Z,3708.909746899
n-sapling,1790449200,2026-09-26T19:00:00Z,12372.3241812
n-sapling,1790452800,2026-09-26T20:00:00Z,2388.2362594
n-sapling,1790456400,2026-09-26T21:00:00Z,24613.973435890002
n-sapling,1790460000,2026-09-26T22:00:00Z,8374.291435706
n-sapling,1790463600,2026-09-26T23:00:00Z,3673.069813941
n-sapling,1790467200,2026-09-27T00:00:00Z,25501.3670616909
n-sapling,1790470800,2026-09-27T01:00:00Z,1010.672759942
n-sapling,1790474400,2026-09-27T02:00:00Z,1555.2039622270001
n-sapling,1790478000,2026-09-27T03:00:00Z,1019.5442889554
n-sapling,1790481600,2026-09-27T04:00:00Z,1559.62607281
n-sapling,1790485200,2026-09-27T05:00:00Z,118675.96989134
n-sapling,1790488800,2026-09-27T06:00:00Z,78371.31399061
n-sapling,1790492400,2026-09-27T07:00:00Z,30123.0700431
n-sapling,1790496000,2026-09-27T08:00:00Z,75416.7550026
n-sapling,1790499600,2026-09-27T09:00:00Z,14200.93585289
n-sapling,1790503200,2026-09-27T10:00:00Z,13464.36363128
n-sapling,1790506800,2026-09-27T11:00:00Z,13001.022307575
n-sapling,1790510400,2026-09-27T12:00:00Z,31223.46275568
n-sapling,1790514000,2026-09-27T13:00:00Z,40393.97151592
n-sapling,1790517600,2026-09-27T14:00:00Z,46806.568269523996
n-sapling,1790521200,2026-09-27T15:00:00Z,13646.8949767479
n-sapling,1790524800,2026-09-27T16:00:00Z,9541.863381316101
n-sapling,1790528400,2026-09-27T17:00:00Z,6218.86576105
n-sapling,1790532000,2026-09-27T18:00:00Z,17023.695381191
n-sapling,1790535600,2026-09-27T19:00:00Z,11234.045631861
n-sapling,1790539200,2026-09-27T20:00:00Z,9187.479922658
n-sapling,1790542800,2026-09-27T21:00:00Z,5526.12044977
n-sapling,1790546400,2026-09-27T22:00:00Z,11220.393574978
n-sapling,1790550000,2026-09-27T23:00:00Z,6087.289031424801
n-sapling,1790553600,2026-09-28T00:00:00Z,23845.149741855003
n-sapling,1790557200,2026-09-28T01:00:00Z,3897.0579395230698
n-sapling,1790560800,2026-09-28T02:00:00Z,3002.3682827401003
n-sapling,1790564400,2026-09-28T03:00:00Z,6616.28224932483
n-sapling,1790568000,2026-09-28T04:00:00Z,1727.69597213926
n-sapling,1790571600,2026-09-28T05:00:00Z,1366.7582003364598
n-sapling,1790575200,2026-09-28T06:00:00Z,3375.2780623178
n-sapling,1790578800,2026-09-28T07:00:00Z,5058.67816218897
n-sapling,1790582400,2026-09-28T08:00:00Z,2069.13424105
n-sapling,1790586000,2026-09-28T09:00:00Z,691.8898698503
n-sapling,1790589600,2026-09-28T10:00:00Z,735.052322464
n-sapling,1790593200,2026-09-28T11:00:00Z,523.9187017356
n-sapling,1790596800,2026-09-28T12:00:00Z,1294.7603552861
n-sapling,1790600400,2026-09-28T13:00:00Z,2359.257023758
n-sapling,1790604000,2026-09-28T14:00:00Z,1729.63181469
n-sapling,1790607600,2026-09-28T15:00:00Z,1542.7996157543
n-sapling,1790611200,2026-09-28T16:00:00Z,1428.9861082188
n-sapling,1790614800,2026-09-28T17:00:00Z,2453.00172767
n-sapling,1790618400,2026-09-28T18:00:00Z,1743.7313301
n-sapling,1790622000,2026-09-28T19:00:00Z,17240.5275305
n-sapling,1790625600,2026-09-28T20:00:00Z,7354.9115283193
n-sapling,1790629200,2026-09-28T21:00:00Z,2610.235899
n-sapling,1790632800,2026-09-28T22:00:00Z,732.375528138
n-sapling,1790636400,2026-09-28T23:00:00Z,2952.3784978
n-sapling,1790640000,2026-09-29T00:00:00Z,815.388694439
n-sapling,1790643600,2026-09-29T01:00:00Z,1897.4281044693
n-sapling,1790647200,2026-09-29T02:00:00Z,6510.57832772
n-sapling,1790650800,2026-09-29T03:00:00Z,700.949739599
n-sapling,1790654400,2026-09-29T04:00:00Z,3339.3244869438
n-sapling,1790658000,2026-09-29T05:00:00Z,1330.11140817
n-sapling,1790661600,2026-09-29T06:00:00Z,189.040420993435
n-sapling,1790665200,2026-09-29T07:00:00Z,791.351309363
n-sapling,1790668800,2026-09-29T08:00:00Z,74.22874657708
n-sapling,1790672400,2026-09-29T09:00:00Z,1056.24826943
n-sapling,1790676000,2026-09-29T10:00:00Z,28.297564333
n-sapling,1790679600,2026-09-29T11:00:00Z,483.882566869
n-sapling,1790683200,2026-09-29T12:00:00Z,785.678078953
n-sapling,1790686800,2026-09-29T13:00:00Z,867.445160959
n-sapling,1790690400,2026-09-29T14:00:00Z,750.843491953
n-sapling,1790694000,2026-09-29T15:00:00Z,1089.52471382
n-sapling,1790697600,2026-09-29T16:00:00Z,1557.62356772181
n-sapling,1790701200,2026-09-29T17:00:00Z,400.290553583
n-sapling,1790704800,2026-09-29T18:00:00Z,656.20408740988
n-sapling,1790708400,2026-09-29T19:00:00Z,604.68279418539
n-sapling,1790712000,2026-09-29T20:00:00Z,1415.37081776645
n-sapling,1790715600,2026-09-29T21:00:00Z,50.4932226742
n-sapling,1790719200,2026-09-29T22:00:00Z,1103.00542855
n-sapling,1790722800,2026-09-29T23:00:00Z,648.262851378
n-sapling,1790726400,2026-09-30T00:00:00Z,3906.18145462
n-sapling,1790730000,2026-09-30T01:00:00Z,5574.92659454
n-sapling,1790733600,2026-09-30T02:00:00Z,3715.54763178089
n-sapling,1790737200,2026-09-30T03:00:00Z,3095.90545836
n-sapling,1790740800,2026-09-30T04:00:00Z,2762.42481962
n-sapling,1790744400,2026-09-30T05:00:00Z,5576.2905410668
n-sapling,1790748000,2026-09-30T06:00:00Z,10694.721150978
n-sapling,1790751600,2026-09-30T07:00:00Z,2535.128299764322
n-sapling,1790755200,2026-09-30T08:00:00Z,2645.281366873
n-sapling,1790758800,2026-09-30T09:00:00Z,1400.86333809
n-sapling,1790762400,2026-09-30T10:00:00Z,1611.02051656
n-sapling,1790766000,2026-09-30T11:00:00Z,199.916446359
n-sapling,1790769600,2026-09-30T12:00:00Z,159.343224963
n-sapling,1790773200,2026-09-30T13:00:00Z,661.83247568
n-sapling,1790776800,2026-09-30T14:00:00Z,168.29661933
n-sapling,1790780400,2026-09-30T15:00:00Z,1167.98483999
n-sapling,1790784000,2026-09-30T16:00:00Z,960.061386738
n-sapling,1790787600,2026-09-30T17:00:00Z,10135.74542379
n-sapling,1790791200,2026-09-30T18:00:00Z,10764.4591204
n-sapling,1790794800,2026-09-30T19:00:00Z,527.313633724
n-sapling,1790798400,2026-09-30T20:00:00Z,771.043674998
n-sapling,1790802000,2026-09-30T21:00:00Z,901.926947819
n-sapling,1790805600,2026-09-30T22:00:00Z,44.2157185743
n-sapling,1790809200,2026-09-30T23:00:00Z,232.64286888
n-sapling,1790812800,2026-10-01T00:00:00Z,870.512355531
n-sapling,1790816400,2026-10-01T01:00:00Z,840.441537062
n-sapling,1790820000,2026-10-01T02:00:00Z,8497.87908543
n-sapling,1790823600,2026-10-01T03:00:00Z,3096.0983054
n-sapling,1790827200,2026-10-01T04:00:00Z,1214.366158058378
n-sapling,1790830800,2026-10-01T05:00:00Z,1028.58803107
n-sapling,1790834400,2026-10-01T06:00:00Z,904.06319327395
n-sapling,1790838000,2026-10-01T07:00:00Z,2349.69853037
n-sapling,1790841600,2026-10-01T08:00:00Z,873.849780699
n-sapling,1790845200,2026-10-01T09:00:00Z,705.1760602726346
n-sapling,1790848800,2026-10-01T10:00:00Z,1285.3299716622
n-sapling,1790852400,2026-10-01T11:00:00Z,717.817319949955
n-sapling,1790856000,2026-10-01T12:00:00Z,1153.48354528
n-sapling,1790859600,2026-10-01T13:00:00Z,5273.49599571
n-sapling,1790863200,2026-10-01T14:00:00Z,3307.52416491
n-sapling,1790866800,2026-10-01T15:00:00Z,175.52076940978
n-sapling,1790870400,2026-10-01T16:00:00Z,12865.4608972
n-sapling,1790874000,2026-10-01T17:00:00Z,18502.540128714
n-sapling,1790877600,2026-10-01T18:00:00Z,6442.84479165952
n-sapling,1790881200,2026-10-01T19:00:00Z,4659.8981171687
n-sapling,1790884800,2026-10-01T20:00:00Z,5743.64745543
n-sapling,1790888400,2026-10-01T21:00:00Z,3938.8701411632996
n-sapling,1790892000,2026-10-01T22:00:00Z,10884.1894074
n-sapling,1790895600,2026-10-01T23:00:00Z,76281.422886
